<!DOCTYPE hibernate-configuration PUBLIC "-//Hibernate/Hibernate Configuration DTD 3.0//EN" "http://hibernate.sourceforge.net/hibernate-configuration-3.0.dtd">

<hibernate-configuration>
	<session-factory>
		<property name="hibernate.connection.username">root</property>
		<property name="hibernate.connection.password">mysql@local</property>
		<property name="hibernate.connection.url">jdbc:mysql://localhost/fj28</property>
		<property name="hibernate.connection.driver_class">com.mysql.jdbc.Driver</property>
		<property name="hibernate.dialect">org.hibernate.dialect.MySQL5InnoDBDialect</property>
		<property name="hibernate.hbm2ddl.auto">update</property>
		<property name="show_sql">true</property>
		<property name="format_sql">true</property>
		<!-- entidades -->
		<mapping class="br.com.caelum.goodbuy.model.Produto" />
	</session-factory>
</hibernate-configuration>